file,source_url,bytes
images/About-icon-1UNoydvKkmDPldqEAepWb4taI4SiXr.png,https://hebbkx1anhila5yf.public.blob.vercel-storage.com/About-icon-1UNoydvKkmDPldqEAepWb4taI4SiXr.png,15096
images/Portal-01-RTHEzaCLn0fxcQgtUTqTQEd7HRjvrT.png,https://hebbkx1anhila5yf.public.blob.vercel-storage.com/Portal-01-RTHEzaCLn0fxcQgtUTqTQEd7HRjvrT.png,2203835
images/Portal-02-RXte0zViPp8ZW5wav65PdQZplRpY3Z.png,https://hebbkx1anhila5yf.public.blob.vercel-storage.com/Portal-02-RXte0zViPp8ZW5wav65PdQZplRpY3Z.png,2678051
images/candypill-logo-new.png,https://v0-candy-pi-ll.vercel.app/images/candypill-logo-new.png,512573
images/character-02-Os7t5Pc7rcGemFxJVv9mA6mXzwYefz.png,https://hebbkx1anhila5yf.public.blob.vercel-storage.com/character-02-Os7t5Pc7rcGemFxJVv9mA6mXzwYefz.png,1514928
images/character-04-eAZb8Mcua9sy20Xx9xiKGkhZgQc1G9.png,https://hebbkx1anhila5yf.public.blob.vercel-storage.com/character-04-eAZb8Mcua9sy20Xx9xiKGkhZgQc1G9.png,1773345
images/character-05.png-PZQTTGovvhPJ39gAQxzej616kMRx7R.jpeg,https://hebbkx1anhila5yf.public.blob.vercel-storage.com/character-05.png-PZQTTGovvhPJ39gAQxzej616kMRx7R.jpeg,1433792
images/character-dicegurl-01-74WS6zZijt9sAIbbFreCcTzAYlHfWL.png,https://hebbkx1anhila5yf.public.blob.vercel-storage.com/character-dicegurl-01-74WS6zZijt9sAIbbFreCcTzAYlHfWL.png,2150146
images/character-slicesofme-Wtsv1QTwuXAPHj3jiZU1HiiqwiwVt4.png,https://hebbkx1anhila5yf.public.blob.vercel-storage.com/character-slicesofme-Wtsv1QTwuXAPHj3jiZU1HiiqwiwVt4.png,892527
images/character-soulofai-hr9RrWqrAqS8f27cizHoHnWD1U9F7g.png,https://hebbkx1anhila5yf.public.blob.vercel-storage.com/character-soulofai-hr9RrWqrAqS8f27cizHoHnWD1U9F7g.png,2861835
images/cybergirl-01-2mN0Bw1UD1xF0jDHBmOF9WwQbOQjhH.png,https://hebbkx1anhila5yf.public.blob.vercel-storage.com/cybergirl-01-2mN0Bw1UD1xF0jDHBmOF9WwQbOQjhH.png,2991006
images/cybergirl-05-sx71s6Bf5cG25y1B3m0D0QWsIFsURz.png,https://hebbkx1anhila5yf.public.blob.vercel-storage.com/cybergirl-05-sx71s6Bf5cG25y1B3m0D0QWsIFsURz.png,1736326
images/playonshape_03-aq99Lq5Y4RpeX7WQHIQbRizZJsOeIs.png,https://hebbkx1anhila5yf.public.blob.vercel-storage.com/playonshape_03-aq99Lq5Y4RpeX7WQHIQbRizZJsOeIs.png,2917399
images/playonshape_06-X8IrmmvjJkeK007dcJFK7FM2QrAT6v.png,https://hebbkx1anhila5yf.public.blob.vercel-storage.com/playonshape_06-X8IrmmvjJkeK007dcJFK7FM2QrAT6v.png,877739
images/playonshape_08-IPQg7ipJKXqSy8JGFbOf1TNYXAlRsl.png,https://hebbkx1anhila5yf.public.blob.vercel-storage.com/playonshape_08-IPQg7ipJKXqSy8JGFbOf1TNYXAlRsl.png,889438
images/playonshape_12-mrt7B9qGy3gK36lzk9IxzcWYDEWVGH.png,https://hebbkx1anhila5yf.public.blob.vercel-storage.com/playonshape_12-mrt7B9qGy3gK36lzk9IxzcWYDEWVGH.png,1273605
images/playonshape_18-X3rrZAiAY858IwKncGppNuDHVEZfh9.png,https://hebbkx1anhila5yf.public.blob.vercel-storage.com/playonshape_18-X3rrZAiAY858IwKncGppNuDHVEZfh9.png,1308279
images/playonspace-03-7YlWr7zWoxJ1DfRKxGH6goEUhQSIct.png,https://hebbkx1anhila5yf.public.blob.vercel-storage.com/playonspace-03-7YlWr7zWoxJ1DfRKxGH6goEUhQSIct.png,2124062
images/portal-05-LA3CvkBJaL5Qc76cK5uVTnUlChp0W6.png,https://hebbkx1anhila5yf.public.blob.vercel-storage.com/portal-05-LA3CvkBJaL5Qc76cK5uVTnUlChp0W6.png,1972444
images/portals-nobk-01-fJPkmohEVsSJPVcQ80WNmWTbGwxbzD.png,https://hebbkx1anhila5yf.public.blob.vercel-storage.com/portals-nobk-01-fJPkmohEVsSJPVcQ80WNmWTbGwxbzD.png,2630227
images/portals-nobk-02-wEkA4CYIRqbEriClNPcwJx8UT6AdhR.png,https://hebbkx1anhila5yf.public.blob.vercel-storage.com/portals-nobk-02-wEkA4CYIRqbEriClNPcwJx8UT6AdhR.png,1697700
images/portals-nobk-03-fHoJ3E9NbdgDA4ckeAujV8B7VbkYEg.png,https://hebbkx1anhila5yf.public.blob.vercel-storage.com/portals-nobk-03-fHoJ3E9NbdgDA4ckeAujV8B7VbkYEg.png,1657088
images/portals-nobk-04-lynnwPkegPaOzVtmxJjamPk6lBcnlW.png,https://hebbkx1anhila5yf.public.blob.vercel-storage.com/portals-nobk-04-lynnwPkegPaOzVtmxJjamPk6lBcnlW.png,2122832
images/portals-nobk-05-lF1LZTsvObsnYz95QnzqMTNFM7DA4n.png,https://hebbkx1anhila5yf.public.blob.vercel-storage.com/portals-nobk-05-lF1LZTsvObsnYz95QnzqMTNFM7DA4n.png,1508276
images/portals-nobk-06-wYJpkjFd5DbDlbgYUCCzmNeSGk2CJq.png,https://hebbkx1anhila5yf.public.blob.vercel-storage.com/portals-nobk-06-wYJpkjFd5DbDlbgYUCCzmNeSGk2CJq.png,2730793
images/portals-nobk-07-3JxGwDR3q5auL6idzSBNpGizYflQs4.png,https://hebbkx1anhila5yf.public.blob.vercel-storage.com/portals-nobk-07-3JxGwDR3q5auL6idzSBNpGizYflQs4.png,825435
images/portals-nobk-08-ygZ1nGbBGVG8PQpbUNm8DpZhcGiIE9.png,https://hebbkx1anhila5yf.public.blob.vercel-storage.com/portals-nobk-08-ygZ1nGbBGVG8PQpbUNm8DpZhcGiIE9.png,617502
images/portals-nobk-09-8OFwDi6Ys12o8MZHICj5NHoDXDBcSG.png,https://hebbkx1anhila5yf.public.blob.vercel-storage.com/portals-nobk-09-8OFwDi6Ys12o8MZHICj5NHoDXDBcSG.png,2350921
images/portals-nobk-10-v2nzvFIBwKwunrWYO0wdEBvm1qBncj.png,https://hebbkx1anhila5yf.public.blob.vercel-storage.com/portals-nobk-10-v2nzvFIBwKwunrWYO0wdEBvm1qBncj.png,1366099
images/portals-nobk-11-c6vjWvbMuKPQzW4qoS0d6XUMASicJ2.png,https://hebbkx1anhila5yf.public.blob.vercel-storage.com/portals-nobk-11-c6vjWvbMuKPQzW4qoS0d6XUMASicJ2.png,2901523
images/portals-nobk-15-quaOQafIhIzZzE0wqCDnFmBFB8A1c1.png,https://hebbkx1anhila5yf.public.blob.vercel-storage.com/portals-nobk-15-quaOQafIhIzZzE0wqCDnFmBFB8A1c1.png,2780079
images/slideprojector-image-eWrVENMAnz5jyFhFdv5f6tZVPjKSM7.png,https://hebbkx1anhila5yf.public.blob.vercel-storage.com/slideprojector-image-eWrVENMAnz5jyFhFdv5f6tZVPjKSM7.png,976498
images/transversivemedia_01-Art7dNc8RrvsAQS5jeaMkVe1Vkp67S.png,https://hebbkx1anhila5yf.public.blob.vercel-storage.com/transversivemedia_01-Art7dNc8RrvsAQS5jeaMkVe1Vkp67S.png,2716007
images/transversivemedia_02-BpuEucL2hdpXprMgnxbiVVAL7b3hgi.png,https://hebbkx1anhila5yf.public.blob.vercel-storage.com/transversivemedia_02-BpuEucL2hdpXprMgnxbiVVAL7b3hgi.png,1034376
images/transversivemedia_03-itixc1055cFRCznqDNqesnyemRMJLz.png,https://hebbkx1anhila5yf.public.blob.vercel-storage.com/transversivemedia_03-itixc1055cFRCznqDNqesnyemRMJLz.png,1148522
images/transversivemedia_04-w0Y9Mca4xJ1kGi33nkaUEQefPT3aBi.png,https://hebbkx1anhila5yf.public.blob.vercel-storage.com/transversivemedia_04-w0Y9Mca4xJ1kGi33nkaUEQefPT3aBi.png,1170972
images/transversivemedia_05-zvOyYye5JuRAJfsSdlapMfTgifT02s.png,https://hebbkx1anhila5yf.public.blob.vercel-storage.com/transversivemedia_05-zvOyYye5JuRAJfsSdlapMfTgifT02s.png,851373
images/transversivemedia_06-QioRxjtu07PmdcJ9G7Xs5FFoJxIQpm.png,https://hebbkx1anhila5yf.public.blob.vercel-storage.com/transversivemedia_06-QioRxjtu07PmdcJ9G7Xs5FFoJxIQpm.png,1714848
images/transversivemedia_06-tQ562maU2LYxgS9YPven1QIBpOzU46.png,https://hebbkx1anhila5yf.public.blob.vercel-storage.com/transversivemedia_06-tQ562maU2LYxgS9YPven1QIBpOzU46.png,1714848
images/transversivemedia_07-zpPGGDiiBNaJkpt0wqxytlic8LUmRR.png,https://hebbkx1anhila5yf.public.blob.vercel-storage.com/transversivemedia_07-zpPGGDiiBNaJkpt0wqxytlic8LUmRR.png,988852
images/transversivemedia_11-YLW3wRfzdDh77axUxr8WVebgCRnUMl.png,https://hebbkx1anhila5yf.public.blob.vercel-storage.com/transversivemedia_11-YLW3wRfzdDh77axUxr8WVebgCRnUMl.png,1538208
images/transversivemedia_13-wlCm1uXDsG9hPf45q2kJ2GKn22GCvH.png,https://hebbkx1anhila5yf.public.blob.vercel-storage.com/transversivemedia_13-wlCm1uXDsG9hPf45q2kJ2GKn22GCvH.png,1698471
images/transversivemedia_14-1yim3YQuZsy7Kyui8u8WvJmmamGfT9.png,https://hebbkx1anhila5yf.public.blob.vercel-storage.com/transversivemedia_14-1yim3YQuZsy7Kyui8u8WvJmmamGfT9.png,1919044
images/transversivemedia_18-LvgOHLU4fMJeXqe8M1isAZ7hkWxKkL.png,https://hebbkx1anhila5yf.public.blob.vercel-storage.com/transversivemedia_18-LvgOHLU4fMJeXqe8M1isAZ7hkWxKkL.png,935297
images/transversivemedia_19-Do8tifMdXjkNitPcWuBuPDO71V1az4.png,https://hebbkx1anhila5yf.public.blob.vercel-storage.com/transversivemedia_19-Do8tifMdXjkNitPcWuBuPDO71V1az4.png,1034988
images/transversivemedia_21-x24ncanJyL0x97Fy9xPSr53dVPkRZ0.png,https://hebbkx1anhila5yf.public.blob.vercel-storage.com/transversivemedia_21-x24ncanJyL0x97Fy9xPSr53dVPkRZ0.png,843486
images/transversivemedia_24-hneuWHj7DjG8cYKKon0eoEA00KAfqy.png,https://hebbkx1anhila5yf.public.blob.vercel-storage.com/transversivemedia_24-hneuWHj7DjG8cYKKon0eoEA00KAfqy.png,1427520
images/transversivemedia_26-127ivYJvc5uZYIuHFE4l2ejROkKKgR.png,https://hebbkx1anhila5yf.public.blob.vercel-storage.com/transversivemedia_26-127ivYJvc5uZYIuHFE4l2ejROkKKgR.png,1926322
images/transversivemedia_27-pkTteNiZ2uF2C6vZneEzLfFgxT7HWw.png,https://hebbkx1anhila5yf.public.blob.vercel-storage.com/transversivemedia_27-pkTteNiZ2uF2C6vZneEzLfFgxT7HWw.png,1098929
images/transversivemedia_28-yUqETGtBop1gd87ydsAbJt98oigly4.png,https://hebbkx1anhila5yf.public.blob.vercel-storage.com/transversivemedia_28-yUqETGtBop1gd87ydsAbJt98oigly4.png,1890497
images/transversivemedia_34-stGqXSh0qINZC1LKlHZSqAv0H5KUKs.png,https://hebbkx1anhila5yf.public.blob.vercel-storage.com/transversivemedia_34-stGqXSh0qINZC1LKlHZSqAv0H5KUKs.png,702756
images/transversivemedia_37-1XxuBqgZ0iuPbVCFyR0qjGcnycJNAL.png,https://hebbkx1anhila5yf.public.blob.vercel-storage.com/transversivemedia_37-1XxuBqgZ0iuPbVCFyR0qjGcnycJNAL.png,2324197
images/watersculpture-wooden-portals-nsjMsc37a7Dbzjfp10IO9D0TUxLfD8.png,https://hebbkx1anhila5yf.public.blob.vercel-storage.com/watersculpture-wooden-portals-nsjMsc37a7Dbzjfp10IO9D0TUxLfD8.png,390126