file,url,content_type,bytes
About-icon-1UNoydvKkmDPldqEAepWb4taI4SiXr-6118fed6.png,https://hebbkx1anhila5yf.public.blob.vercel-storage.com/About-icon-1UNoydvKkmDPldqEAepWb4taI4SiXr.png,image/png,15096
Portal-01-RTHEzaCLn0fxcQgtUTqTQEd7HRjvrT-63c89fe1.png,https://hebbkx1anhila5yf.public.blob.vercel-storage.com/Portal-01-RTHEzaCLn0fxcQgtUTqTQEd7HRjvrT.png,image/png,2203835
Portal-02-RXte0zViPp8ZW5wav65PdQZplRpY3Z-665fc5b4.png,https://hebbkx1anhila5yf.public.blob.vercel-storage.com/Portal-02-RXte0zViPp8ZW5wav65PdQZplRpY3Z.png,image/png,2678051
character-02-Os7t5Pc7rcGemFxJVv9mA6mXzwYefz-250d49dc.png,https://hebbkx1anhila5yf.public.blob.vercel-storage.com/character-02-Os7t5Pc7rcGemFxJVv9mA6mXzwYefz.png,image/png,1514928
character-04-eAZb8Mcua9sy20Xx9xiKGkhZgQc1G9-b58c9126.png,https://hebbkx1anhila5yf.public.blob.vercel-storage.com/character-04-eAZb8Mcua9sy20Xx9xiKGkhZgQc1G9.png,image/png,1773345
character-05.png-PZQTTGovvhPJ39gAQxzej616kMRx7R-f4a222b1.jpeg,https://hebbkx1anhila5yf.public.blob.vercel-storage.com/character-05.png-PZQTTGovvhPJ39gAQxzej616kMRx7R.jpeg,image/jpeg,1433792
character-dicegurl-01-74WS6zZijt9sAIbbFreCcTzAYlHfWL-59f47eea.png,https://hebbkx1anhila5yf.public.blob.vercel-storage.com/character-dicegurl-01-74WS6zZijt9sAIbbFreCcTzAYlHfWL.png,image/png,2150146
character-slicesofme-Wtsv1QTwuXAPHj3jiZU1HiiqwiwVt4-aa6962f6.png,https://hebbkx1anhila5yf.public.blob.vercel-storage.com/character-slicesofme-Wtsv1QTwuXAPHj3jiZU1HiiqwiwVt4.png,image/png,892527
character-soulofai-hr9RrWqrAqS8f27cizHoHnWD1U9F7g-865a388c.png,https://hebbkx1anhila5yf.public.blob.vercel-storage.com/character-soulofai-hr9RrWqrAqS8f27cizHoHnWD1U9F7g.png,image/png,2861835
cybergirl-01-2mN0Bw1UD1xF0jDHBmOF9WwQbOQjhH-1eb0b36b.png,https://hebbkx1anhila5yf.public.blob.vercel-storage.com/cybergirl-01-2mN0Bw1UD1xF0jDHBmOF9WwQbOQjhH.png,image/png,2991006
cybergirl-05-sx71s6Bf5cG25y1B3m0D0QWsIFsURz-8fe54c9e.png,https://hebbkx1anhila5yf.public.blob.vercel-storage.com/cybergirl-05-sx71s6Bf5cG25y1B3m0D0QWsIFsURz.png,image/png,1736326
playonshape_03-aq99Lq5Y4RpeX7WQHIQbRizZJsOeIs-3ddf9bae.png,https://hebbkx1anhila5yf.public.blob.vercel-storage.com/playonshape_03-aq99Lq5Y4RpeX7WQHIQbRizZJsOeIs.png,image/png,2917399
playonshape_06-X8IrmmvjJkeK007dcJFK7FM2QrAT6v-9b118838.png,https://hebbkx1anhila5yf.public.blob.vercel-storage.com/playonshape_06-X8IrmmvjJkeK007dcJFK7FM2QrAT6v.png,image/png,877739
playonshape_08-IPQg7ipJKXqSy8JGFbOf1TNYXAlRsl-da277a2e.png,https://hebbkx1anhila5yf.public.blob.vercel-storage.com/playonshape_08-IPQg7ipJKXqSy8JGFbOf1TNYXAlRsl.png,image/png,889438
playonshape_12-mrt7B9qGy3gK36lzk9IxzcWYDEWVGH-6cdc2032.png,https://hebbkx1anhila5yf.public.blob.vercel-storage.com/playonshape_12-mrt7B9qGy3gK36lzk9IxzcWYDEWVGH.png,image/png,1273605
playonshape_18-X3rrZAiAY858IwKncGppNuDHVEZfh9-f622c686.png,https://hebbkx1anhila5yf.public.blob.vercel-storage.com/playonshape_18-X3rrZAiAY858IwKncGppNuDHVEZfh9.png,image/png,1308279
playonspace-03-7YlWr7zWoxJ1DfRKxGH6goEUhQSIct-322e5e6c.png,https://hebbkx1anhila5yf.public.blob.vercel-storage.com/playonspace-03-7YlWr7zWoxJ1DfRKxGH6goEUhQSIct.png,image/png,2124062
portal-05-LA3CvkBJaL5Qc76cK5uVTnUlChp0W6-d5fab4b3.png,https://hebbkx1anhila5yf.public.blob.vercel-storage.com/portal-05-LA3CvkBJaL5Qc76cK5uVTnUlChp0W6.png,image/png,1972444
portals-nobk-01-fJPkmohEVsSJPVcQ80WNmWTbGwxbzD-7e16f693.png,https://hebbkx1anhila5yf.public.blob.vercel-storage.com/portals-nobk-01-fJPkmohEVsSJPVcQ80WNmWTbGwxbzD.png,image/png,2630227
portals-nobk-02-wEkA4CYIRqbEriClNPcwJx8UT6AdhR-adbbb2f2.png,https://hebbkx1anhila5yf.public.blob.vercel-storage.com/portals-nobk-02-wEkA4CYIRqbEriClNPcwJx8UT6AdhR.png,image/png,1697700
portals-nobk-03-fHoJ3E9NbdgDA4ckeAujV8B7VbkYEg-8b0a4ecf.png,https://hebbkx1anhila5yf.public.blob.vercel-storage.com/portals-nobk-03-fHoJ3E9NbdgDA4ckeAujV8B7VbkYEg.png,image/png,1657088
portals-nobk-04-lynnwPkegPaOzVtmxJjamPk6lBcnlW-43b3a06b.png,https://hebbkx1anhila5yf.public.blob.vercel-storage.com/portals-nobk-04-lynnwPkegPaOzVtmxJjamPk6lBcnlW.png,image/png,2122832
portals-nobk-05-lF1LZTsvObsnYz95QnzqMTNFM7DA4n-9c16f3d8.png,https://hebbkx1anhila5yf.public.blob.vercel-storage.com/portals-nobk-05-lF1LZTsvObsnYz95QnzqMTNFM7DA4n.png,image/png,1508276
portals-nobk-06-wYJpkjFd5DbDlbgYUCCzmNeSGk2CJq-7fbdb5a1.png,https://hebbkx1anhila5yf.public.blob.vercel-storage.com/portals-nobk-06-wYJpkjFd5DbDlbgYUCCzmNeSGk2CJq.png,image/png,2730793
portals-nobk-07-3JxGwDR3q5auL6idzSBNpGizYflQs4-87278209.png,https://hebbkx1anhila5yf.public.blob.vercel-storage.com/portals-nobk-07-3JxGwDR3q5auL6idzSBNpGizYflQs4.png,image/png,825435
portals-nobk-08-ygZ1nGbBGVG8PQpbUNm8DpZhcGiIE9-7ebb2b31.png,https://hebbkx1anhila5yf.public.blob.vercel-storage.com/portals-nobk-08-ygZ1nGbBGVG8PQpbUNm8DpZhcGiIE9.png,image/png,617502
portals-nobk-09-8OFwDi6Ys12o8MZHICj5NHoDXDBcSG-ad883d93.png,https://hebbkx1anhila5yf.public.blob.vercel-storage.com/portals-nobk-09-8OFwDi6Ys12o8MZHICj5NHoDXDBcSG.png,image/png,2350921
portals-nobk-10-v2nzvFIBwKwunrWYO0wdEBvm1qBncj-e4d8de38.png,https://hebbkx1anhila5yf.public.blob.vercel-storage.com/portals-nobk-10-v2nzvFIBwKwunrWYO0wdEBvm1qBncj.png,image/png,1366099
portals-nobk-11-c6vjWvbMuKPQzW4qoS0d6XUMASicJ2-f63d82d1.png,https://hebbkx1anhila5yf.public.blob.vercel-storage.com/portals-nobk-11-c6vjWvbMuKPQzW4qoS0d6XUMASicJ2.png,image/png,2901523
portals-nobk-15-quaOQafIhIzZzE0wqCDnFmBFB8A1c1-48e614ad.png,https://hebbkx1anhila5yf.public.blob.vercel-storage.com/portals-nobk-15-quaOQafIhIzZzE0wqCDnFmBFB8A1c1.png,image/png,2780079
slideprojector-image-eWrVENMAnz5jyFhFdv5f6tZVPjKSM7-c3806cae.png,https://hebbkx1anhila5yf.public.blob.vercel-storage.com/slideprojector-image-eWrVENMAnz5jyFhFdv5f6tZVPjKSM7.png,image/png,976498
transversivemedia_01-Art7dNc8RrvsAQS5jeaMkVe1Vkp67S-c765c78d.png,https://hebbkx1anhila5yf.public.blob.vercel-storage.com/transversivemedia_01-Art7dNc8RrvsAQS5jeaMkVe1Vkp67S.png,image/png,2716007
transversivemedia_02-BpuEucL2hdpXprMgnxbiVVAL7b3hgi-b5961178.png,https://hebbkx1anhila5yf.public.blob.vercel-storage.com/transversivemedia_02-BpuEucL2hdpXprMgnxbiVVAL7b3hgi.png,image/png,1034376
transversivemedia_03-itixc1055cFRCznqDNqesnyemRMJLz-0336a29c.png,https://hebbkx1anhila5yf.public.blob.vercel-storage.com/transversivemedia_03-itixc1055cFRCznqDNqesnyemRMJLz.png,image/png,1148522
transversivemedia_04-w0Y9Mca4xJ1kGi33nkaUEQefPT3aBi-8ecba729.png,https://hebbkx1anhila5yf.public.blob.vercel-storage.com/transversivemedia_04-w0Y9Mca4xJ1kGi33nkaUEQefPT3aBi.png,image/png,1170972
transversivemedia_05-zvOyYye5JuRAJfsSdlapMfTgifT02s-12d2f4aa.png,https://hebbkx1anhila5yf.public.blob.vercel-storage.com/transversivemedia_05-zvOyYye5JuRAJfsSdlapMfTgifT02s.png,image/png,851373
transversivemedia_06-QioRxjtu07PmdcJ9G7Xs5FFoJxIQpm-29cd5168.png,https://hebbkx1anhila5yf.public.blob.vercel-storage.com/transversivemedia_06-QioRxjtu07PmdcJ9G7Xs5FFoJxIQpm.png,image/png,1714848
transversivemedia_06-tQ562maU2LYxgS9YPven1QIBpOzU46-e8030fe4.png,https://hebbkx1anhila5yf.public.blob.vercel-storage.com/transversivemedia_06-tQ562maU2LYxgS9YPven1QIBpOzU46.png,image/png,1714848
transversivemedia_07-zpPGGDiiBNaJkpt0wqxytlic8LUmRR-ebc5bb6b.png,https://hebbkx1anhila5yf.public.blob.vercel-storage.com/transversivemedia_07-zpPGGDiiBNaJkpt0wqxytlic8LUmRR.png,image/png,988852
transversivemedia_11-YLW3wRfzdDh77axUxr8WVebgCRnUMl-96f54a1a.png,https://hebbkx1anhila5yf.public.blob.vercel-storage.com/transversivemedia_11-YLW3wRfzdDh77axUxr8WVebgCRnUMl.png,image/png,1538208
transversivemedia_13-wlCm1uXDsG9hPf45q2kJ2GKn22GCvH-a76d4b5c.png,https://hebbkx1anhila5yf.public.blob.vercel-storage.com/transversivemedia_13-wlCm1uXDsG9hPf45q2kJ2GKn22GCvH.png,image/png,1698471
transversivemedia_14-1yim3YQuZsy7Kyui8u8WvJmmamGfT9-3cbbecf3.png,https://hebbkx1anhila5yf.public.blob.vercel-storage.com/transversivemedia_14-1yim3YQuZsy7Kyui8u8WvJmmamGfT9.png,image/png,1919044
transversivemedia_18-LvgOHLU4fMJeXqe8M1isAZ7hkWxKkL-7316a5de.png,https://hebbkx1anhila5yf.public.blob.vercel-storage.com/transversivemedia_18-LvgOHLU4fMJeXqe8M1isAZ7hkWxKkL.png,image/png,935297
transversivemedia_19-Do8tifMdXjkNitPcWuBuPDO71V1az4-a52a97d2.png,https://hebbkx1anhila5yf.public.blob.vercel-storage.com/transversivemedia_19-Do8tifMdXjkNitPcWuBuPDO71V1az4.png,image/png,1034988
transversivemedia_21-x24ncanJyL0x97Fy9xPSr53dVPkRZ0-0d054c3b.png,https://hebbkx1anhila5yf.public.blob.vercel-storage.com/transversivemedia_21-x24ncanJyL0x97Fy9xPSr53dVPkRZ0.png,image/png,843486
transversivemedia_24-hneuWHj7DjG8cYKKon0eoEA00KAfqy-3eba0875.png,https://hebbkx1anhila5yf.public.blob.vercel-storage.com/transversivemedia_24-hneuWHj7DjG8cYKKon0eoEA00KAfqy.png,image/png,1427520
transversivemedia_26-127ivYJvc5uZYIuHFE4l2ejROkKKgR-11c71531.png,https://hebbkx1anhila5yf.public.blob.vercel-storage.com/transversivemedia_26-127ivYJvc5uZYIuHFE4l2ejROkKKgR.png,image/png,1926322
transversivemedia_27-pkTteNiZ2uF2C6vZneEzLfFgxT7HWw-6bfbdce2.png,https://hebbkx1anhila5yf.public.blob.vercel-storage.com/transversivemedia_27-pkTteNiZ2uF2C6vZneEzLfFgxT7HWw.png,image/png,1098929
transversivemedia_28-yUqETGtBop1gd87ydsAbJt98oigly4-c29cf0ce.png,https://hebbkx1anhila5yf.public.blob.vercel-storage.com/transversivemedia_28-yUqETGtBop1gd87ydsAbJt98oigly4.png,image/png,1890497
transversivemedia_34-stGqXSh0qINZC1LKlHZSqAv0H5KUKs-2b9da034.png,https://hebbkx1anhila5yf.public.blob.vercel-storage.com/transversivemedia_34-stGqXSh0qINZC1LKlHZSqAv0H5KUKs.png,image/png,702756
transversivemedia_37-1XxuBqgZ0iuPbVCFyR0qjGcnycJNAL-bcff64cb.png,https://hebbkx1anhila5yf.public.blob.vercel-storage.com/transversivemedia_37-1XxuBqgZ0iuPbVCFyR0qjGcnycJNAL.png,image/png,2324197
watersculpture-wooden-portals-nsjMsc37a7Dbzjfp10IO9D0TUxLfD8-f94ea280.png,https://hebbkx1anhila5yf.public.blob.vercel-storage.com/watersculpture-wooden-portals-nsjMsc37a7Dbzjfp10IO9D0TUxLfD8.png,image/png,390126
1684-bf05e148f29353d2-30de2dab.js,https://v0-candy-pi-ll.vercel.app/_next/static/chunks/1684-bf05e148f29353d2.js,application/javascript; charset=utf-8,172959
3063-dafa63a9fa96fe28-940780cd.js,https://v0-candy-pi-ll.vercel.app/_next/static/chunks/3063-dafa63a9fa96fe28.js,application/javascript; charset=utf-8,13705
4bd1b696-fc1b87b08fd71b2d-babde806.js,https://v0-candy-pi-ll.vercel.app/_next/static/chunks/4bd1b696-fc1b87b08fd71b2d.js,application/javascript; charset=utf-8,169107
6874-8048765b0efad436-635bd2ff.js,https://v0-candy-pi-ll.vercel.app/_next/static/chunks/6874-8048765b0efad436.js,application/javascript; charset=utf-8,7446
layout-463ecb9bce6a3274-89251fdd.js,https://v0-candy-pi-ll.vercel.app/_next/static/chunks/app/layout-463ecb9bce6a3274.js,application/javascript; charset=utf-8,3677
page-44041be83dc3dc61-7c9f9800.js,https://v0-candy-pi-ll.vercel.app/_next/static/chunks/app/page-44041be83dc3dc61.js,application/javascript; charset=utf-8,7698
main-app-95e2b159ebf7d3ba-d6cf8913.js,https://v0-candy-pi-ll.vercel.app/_next/static/chunks/main-app-95e2b159ebf7d3ba.js,application/javascript; charset=utf-8,509
polyfills-42372ed130431b0a-11c74fd8.js,https://v0-candy-pi-ll.vercel.app/_next/static/chunks/polyfills-42372ed130431b0a.js,application/javascript; charset=utf-8,112594
webpack-54c6c5ac017d0574-84055053.js,https://v0-candy-pi-ll.vercel.app/_next/static/chunks/webpack-54c6c5ac017d0574.js,application/javascript; charset=utf-8,3882
fdba44fb78b772b2-51e687b4.css,https://v0-candy-pi-ll.vercel.app/_next/static/css/fdba44fb78b772b2.css,text/css; charset=utf-8,70095
fdba44fb78b772b2-bfccbb2f.css\,https://v0-candy-pi-ll.vercel.app/_next/static/css/fdba44fb78b772b2.css\,text/css; charset=utf-8,70095
a34f9d1faa5f3315-s.p-658c9f47.woff2,https://v0-candy-pi-ll.vercel.app/_next/static/media/a34f9d1faa5f3315-s.p.woff2,font/woff2,48556
a34f9d1faa5f3315-s.p-6bbfe586.woff2\,https://v0-candy-pi-ll.vercel.app/_next/static/media/a34f9d1faa5f3315-s.p.woff2\,font/woff2,48556
candypill-logo-new-a32db775.png,https://v0-candy-pi-ll.vercel.app/images/candypill-logo-new.png,image/png,512573